GEO;GEO_OBJECT;OCS;L_STAY;TDW;TOH;CARS;RP_MEASURE;CARPARK;NOR;TSH;BUILD_END;TIME_PERIOD;OBS_VALUE
SAR;AAV2020;_T;_T;_T;_T;_T;DWELLINGS;_T;_T;_T;_T;2021;17279.02865
MON;AAV2020;_T;_T;_T;_T;_T;DWELLINGS;_T;_T;_T;_T;2021;67321.85011
LUX;AAV2020;_T;_T;_T;_T;_T;DWELLINGS;_T;_T;_T;_T;2021;151524.73755
LAU;AAV2020;_T;_T;_T;_T;_T;DWELLINGS;_T;_T;_T;_T;2021;9893.89953
GEN;AAV2020;_T;_T;_T;_T;_T;DWELLINGS;_T;_T;_T;_T;2021;233548.89293
CHA;AAV2020;_T;_T;_T;_T;_T;DWELLINGS;_T;_T;_T;_T;2021;231.87315
BAL;AAV2020;_T;_T;_T;_T;_T;DWELLINGS;_T;_T;_T;_T;2021;57399.99329
9D7;AAV2020;_T;_T;_T;_T;_T;DWELLINGS;_T;_T;_T;_T;2021;3343.1303
9D6;AAV2020;_T;_T;_T;_T;_T;DWELLINGS;_T;_T;_T;_T;2021;22460.17805
9D5;AAV2020;_T;_T;_T;_T;_T;DWELLINGS;_T;_T;_T;_T;2021;23003.88235
9D4;AAV2020;_T;_T;_T;_T;_T;DWELLINGS;_T;_T;_T;_T;2021;81251.7803
9D3;AAV2020;_T;_T;_T;_T;_T;DWELLINGS;_T;_T;_T;_T;2021;13304.24416
9D2;AAV2020;_T;_T;_T;_T;_T;DWELLINGS;_T;_T;_T;_T;2021;102635.06551
9D1;AAV2020;_T;_T;_T;_T;_T;DWELLINGS;_T;_T;_T;_T;2021;143918.95178
9C3;AAV2020;_T;_T;_T;_T;_T;DWELLINGS;_T;_T;_T;_T;2021;10561.9779
9C2;AAV2020;_T;_T;_T;_T;_T;DWELLINGS;_T;_T;_T;_T;2021;12821.96109
9C1;AAV2020;_T;_T;_T;_T;_T;DWELLINGS;_T;_T;_T;_T;2021;62950.02774
9B3;AAV2020;_T;_T;_T;_T;_T;DWELLINGS;_T;_T;_T;_T;2021;3726.53631
9B2;AAV2020;_T;_T;_T;_T;_T;DWELLINGS;_T;_T;_T;_T;2021;4232.45029
9B1;AAV2020;_T;_T;_T;_T;_T;DWELLINGS;_T;_T;_T;_T;2021;209685.12063
9A3;AAV2020;_T;_T;_T;_T;_T;DWELLINGS;_T;_T;_T;_T;2021;4177.73777
9A2;AAV2020;_T;_T;_T;_T;_T;DWELLINGS;_T;_T;_T;_T;2021;29128.92156
9A1;AAV2020;_T;_T;_T;_T;_T;DWELLINGS;_T;_T;_T;_T;2021;191345.11729
682;AAV2020;_T;_T;_T;_T;_T;DWELLINGS;_T;_T;_T;_T;2021;762.55067
681;AAV2020;_T;_T;_T;_T;_T;DWELLINGS;_T;_T;_T;_T;2021;6887.87565
680;AAV2020;_T;_T;_T;_T;_T;DWELLINGS;_T;_T;_T;_T;2021;1140.03801
679;AAV2020;_T;_T;_T;_T;_T;DWELLINGS;_T;_T;_T;_T;2021;1323.29588
678;AAV2020;_T;_T;_T;_T;_T;DWELLINGS;_T;_T;_T;_T;2021;1194.12591
677;AAV2020;_T;_T;_T;_T;_T;DWELLINGS;_T;_T;_T;_T;2021;1369.33105
676;AAV2020;_T;_T;_T;_T;_T;DWELLINGS;_T;_T;_T;_T;2021;1461.97881
675;AAV2020;_T;_T;_T;_T;_T;DWELLINGS;_T;_T;_T;_T;2021;1540.66206
674;AAV2020;_T;_T;_T;_T;_T;DWELLINGS;_T;_T;_T;_T;2021;1386.21115
673;AAV2020;_T;_T;_T;_T;_T;DWELLINGS;_T;_T;_T;_T;2021;1432.0201
672;AAV2020;_T;_T;_T;_T;_T;DWELLINGS;_T;_T;_T;_T;2021;1890.41592
671;AAV2020;_T;_T;_T;_T;_T;DWELLINGS;_T;_T;_T;_T;2021;1572.39619
670;AAV2020;_T;_T;_T;_T;_T;DWELLINGS;_T;_T;_T;_T;2021;2059.44455
669;AAV2020;_T;_T;_T;_T;_T;DWELLINGS;_T;_T;_T;_T;2021;1551.47279
668;AAV2020;_T;_T;_T;_T;_T;DWELLINGS;_T;_T;_T;_T;2021;2258.61077
667;AAV2020;_T;_T;_T;_T;_T;DWELLINGS;_T;_T;_T;_T;2021;1942.7736
666;AAV2020;_T;_T;_T;_T;_T;DWELLINGS;_T;_T;_T;_T;2021;1677.65873
665;AAV2020;_T;_T;_T;_T;_T;DWELLINGS;_T;_T;_T;_T;2021;2569.51094
664;AAV2020;_T;_T;_T;_T;_T;DWELLINGS;_T;_T;_T;_T;2021;2321.71606
663;AAV2020;_T;_T;_T;_T;_T;DWELLINGS;_T;_T;_T;_T;2021;2327.83103
662;AAV2020;_T;_T;_T;_T;_T;DWELLINGS;_T;_T;_T;_T;2021;1805.72383
661;AAV2020;_T;_T;_T;_T;_T;DWELLINGS;_T;_T;_T;_T;2021;2145.93588
660;AAV2020;_T;_T;_T;_T;_T;DWELLINGS;_T;_T;_T;_T;2021;1583.59572
659;AAV2020;_T;_T;_T;_T;_T;DWELLINGS;_T;_T;_T;_T;2021;1872.81409
658;AAV2020;_T;_T;_T;_T;_T;DWELLINGS;_T;_T;_T;_T;2021;2178.13358
657;AAV2020;_T;_T;_T;_T;_T;DWELLINGS;_T;_T;_T;_T;2021;1850.04084
656;AAV2020;_T;_T;_T;_T;_T;DWELLINGS;_T;_T;_T;_T;2021;2280.8198
655;AAV2020;_T;_T;_T;_T;_T;DWELLINGS;_T;_T;_T;_T;2021;2164.3458
654;AAV2020;_T;_T;_T;_T;_T;DWELLINGS;_T;_T;_T;_T;2021;2641.57909
653;AAV2020;_T;_T;_T;_T;_T;DWELLINGS;_T;_T;_T;_T;2021;2340.30248
652;AAV2020;_T;_T;_T;_T;_T;DWELLINGS;_T;_T;_T;_T;2021;2351.95289
651;AAV2020;_T;_T;_T;_T;_T;DWELLINGS;_T;_T;_T;_T;2021;2148.8896
650;AAV2020;_T;_T;_T;_T;_T;DWELLINGS;_T;_T;_T;_T;2021;2048.30742
649;AAV2020;_T;_T;_T;_T;_T;DWELLINGS;_T;_T;_T;_T;2021;2121.37582
648;AAV2020;_T;_T;_T;_T;_T;DWELLINGS;_T;_T;_T;_T;2021;2381.63563
647;AAV2020;_T;_T;_T;_T;_T;DWELLINGS;_T;_T;_T;_T;2021;2226.0514
646;AAV2020;_T;_T;_T;_T;_T;DWELLINGS;_T;_T;_T;_T;2021;2369.69294
645;AAV2020;_T;_T;_T;_T;_T;DWELLINGS;_T;_T;_T;_T;2021;4635.53999
644;AAV2020;_T;_T;_T;_T;_T;DWELLINGS;_T;_T;_T;_T;2021;2474.3859
643;AAV2020;_T;_T;_T;_T;_T;DWELLINGS;_T;_T;_T;_T;2021;2568.95331
642;AAV2020;_T;_T;_T;_T;_T;DWELLINGS;_T;_T;_T;_T;2021;2185.6402
641;AAV2020;_T;_T;_T;_T;_T;DWELLINGS;_T;_T;_T;_T;2021;2650.33028
640;AAV2020;_T;_T;_T;_T;_T;DWELLINGS;_T;_T;_T;_T;2021;2372.09283
639;AAV2020;_T;_T;_T;_T;_T;DWELLINGS;_T;_T;_T;_T;2021;2651.23419
638;AAV2020;_T;_T;_T;_T;_T;DWELLINGS;_T;_T;_T;_T;2021;2374.67229
637;AAV2020;_T;_T;_T;_T;_T;DWELLINGS;_T;_T;_T;_T;2021;2492.09174
636;AAV2020;_T;_T;_T;_T;_T;DWELLINGS;_T;_T;_T;_T;2021;2820.63702
635;AAV2020;_T;_T;_T;_T;_T;DWELLINGS;_T;_T;_T;_T;2021;2635.06999
634;AAV2020;_T;_T;_T;_T;_T;DWELLINGS;_T;_T;_T;_T;2021;2243.56982
633;AAV2020;_T;_T;_T;_T;_T;DWELLINGS;_T;_T;_T;_T;2021;3038.59262
632;AAV2020;_T;_T;_T;_T;_T;DWELLINGS;_T;_T;_T;_T;2021;6216.86277
631;AAV2020;_T;_T;_T;_T;_T;DWELLINGS;_T;_T;_T;_T;2021;2634.2729
630;AAV2020;_T;_T;_T;_T;_T;DWELLINGS;_T;_T;_T;_T;2021;2548.99051
629;AAV2020;_T;_T;_T;_T;_T;DWELLINGS;_T;_T;_T;_T;2021;2188.24579
628;AAV2020;_T;_T;_T;_T;_T;DWELLINGS;_T;_T;_T;_T;2021;2785.31006
627;AAV2020;_T;_T;_T;_T;_T;DWELLINGS;_T;_T;_T;_T;2021;2909.54485
626;AAV2020;_T;_T;_T;_T;_T;DWELLINGS;_T;_T;_T;_T;2021;2675.88747
625;AAV2020;_T;_T;_T;_T;_T;DWELLINGS;_T;_T;_T;_T;2021;2729.8188
624;AAV2020;_T;_T;_T;_T;_T;DWELLINGS;_T;_T;_T;_T;2021;2899.4529
623;AAV2020;_T;_T;_T;_T;_T;DWELLINGS;_T;_T;_T;_T;2021;2632.61491
622;AAV2020;_T;_T;_T;_T;_T;DWELLINGS;_T;_T;_T;_T;2021;1882.06913
621;AAV2020;_T;_T;_T;_T;_T;DWELLINGS;_T;_T;_T;_T;2021;3412.23383
620;AAV2020;_T;_T;_T;_T;_T;DWELLINGS;_T;_T;_T;_T;2021;3207.67323
619;AAV2020;_T;_T;_T;_T;_T;DWELLINGS;_T;_T;_T;_T;2021;3114.51117
618;AAV2020;_T;_T;_T;_T;_T;DWELLINGS;_T;_T;_T;_T;2021;4757.45512
617;AAV2020;_T;_T;_T;_T;_T;DWELLINGS;_T;_T;_T;_T;2021;6165.73741
616;AAV2020;_T;_T;_T;_T;_T;DWELLINGS;_T;_T;_T;_T;2021;3284.01
615;AAV2020;_T;_T;_T;_T;_T;DWELLINGS;_T;_T;_T;_T;2021;2361.30889
614;AAV2020;_T;_T;_T;_T;_T;DWELLINGS;_T;_T;_T;_T;2021;2543.17033
613;AAV2020;_T;_T;_T;_T;_T;DWELLINGS;_T;_T;_T;_T;2021;2975.62165
612;AAV2020;_T;_T;_T;_T;_T;DWELLINGS;_T;_T;_T;_T;2021;3755.13961
611;AAV2020;_T;_T;_T;_T;_T;DWELLINGS;_T;_T;_T;_T;2021;2531.94361
610;AAV2020;_T;_T;_T;_T;_T;DWELLINGS;_T;_T;_T;_T;2021;3170.34159
609;AAV2020;_T;_T;_T;_T;_T;DWELLINGS;_T;_T;_T;_T;2021;3331.67285
608;AAV2020;_T;_T;_T;_T;_T;DWELLINGS;_T;_T;_T;_T;2021;7800.19945
607;AAV2020;_T;_T;_T;_T;_T;DWELLINGS;_T;_T;_T;_T;2021;2536.55448
606;AAV2020;_T;_T;_T;_T;_T;DWELLINGS;_T;_T;_T;_T;2021;3096.2077
605;AAV2020;_T;_T;_T;_T;_T;DWELLINGS;_T;_T;_T;_T;2021;4871.66137
604;AAV2020;_T;_T;_T;_T;_T;DWELLINGS;_T;_T;_T;_T;2021;3098.5032
603;AAV2020;_T;_T;_T;_T;_T;DWELLINGS;_T;_T;_T;_T;2021;3085.76935
602;AAV2020;_T;_T;_T;_T;_T;DWELLINGS;_T;_T;_T;_T;2021;3427.4692
601;AAV2020;_T;_T;_T;_T;_T;DWELLINGS;_T;_T;_T;_T;2021;3375.34263
600;AAV2020;_T;_T;_T;_T;_T;DWELLINGS;_T;_T;_T;_T;2021;3453.63404
599;AAV2020;_T;_T;_T;_T;_T;DWELLINGS;_T;_T;_T;_T;2021;4565.41084
598;AAV2020;_T;_T;_T;_T;_T;DWELLINGS;_T;_T;_T;_T;2021;3873.10619
597;AAV2020;_T;_T;_T;_T;_T;DWELLINGS;_T;_T;_T;_T;2021;2907.32602
596;AAV2020;_T;_T;_T;_T;_T;DWELLINGS;_T;_T;_T;_T;2021;3084.67705
595;AAV2020;_T;_T;_T;_T;_T;DWELLINGS;_T;_T;_T;_T;2021;3294.97032
594;AAV2020;_T;_T;_T;_T;_T;DWELLINGS;_T;_T;_T;_T;2021;3964.74804
593;AAV2020;_T;_T;_T;_T;_T;DWELLINGS;_T;_T;_T;_T;2021;2771.7147
592;AAV2020;_T;_T;_T;_T;_T;DWELLINGS;_T;_T;_T;_T;2021;4136.6948
591;AAV2020;_T;_T;_T;_T;_T;DWELLINGS;_T;_T;_T;_T;2021;3744.92272
590;AAV2020;_T;_T;_T;_T;_T;DWELLINGS;_T;_T;_T;_T;2021;3886.14697
589;AAV2020;_T;_T;_T;_T;_T;DWELLINGS;_T;_T;_T;_T;2021;2847.85396
588;AAV2020;_T;_T;_T;_T;_T;DWELLINGS;_T;_T;_T;_T;2021;3971.43846
587;AAV2020;_T;_T;_T;_T;_T;DWELLINGS;_T;_T;_T;_T;2021;6571.93423
586;AAV2020;_T;_T;_T;_T;_T;DWELLINGS;_T;_T;_T;_T;2021;2992.57335
585;AAV2020;_T;_T;_T;_T;_T;DWELLINGS;_T;_T;_T;_T;2021;2944.11344
584;AAV2020;_T;_T;_T;_T;_T;DWELLINGS;_T;_T;_T;_T;2021;3321.14788
583;AAV2020;_T;_T;_T;_T;_T;DWELLINGS;_T;_T;_T;_T;2021;3888.37434
582;AAV2020;_T;_T;_T;_T;_T;DWELLINGS;_T;_T;_T;_T;2021;4012.4827
581;AAV2020;_T;_T;_T;_T;_T;DWELLINGS;_T;_T;_T;_T;2021;3172.38694
580;AAV2020;_T;_T;_T;_T;_T;DWELLINGS;_T;_T;_T;_T;2021;3200.14246
579;AAV2020;_T;_T;_T;_T;_T;DWELLINGS;_T;_T;_T;_T;2021;3781.94649
578;AAV2020;_T;_T;_T;_T;_T;DWELLINGS;_T;_T;_T;_T;2021;10473.8014
577;AAV2020;_T;_T;_T;_T;_T;DWELLINGS;_T;_T;_T;_T;2021;3514.9827
576;AAV2020;_T;_T;_T;_T;_T;DWELLINGS;_T;_T;_T;_T;2021;3311.25715
575;AAV2020;_T;_T;_T;_T;_T;DWELLINGS;_T;_T;_T;_T;2021;3946.38088
574;AAV2020;_T;_T;_T;_T;_T;DWELLINGS;_T;_T;_T;_T;2021;3830.66371
573;AAV2020;_T;_T;_T;_T;_T;DWELLINGS;_T;_T;_T;_T;2021;3284.30103
572;AAV2020;_T;_T;_T;_T;_T;DWELLINGS;_T;_T;_T;_T;2021;4081.24128
571;AAV2020;_T;_T;_T;_T;_T;DWELLINGS;_T;_T;_T;_T;2021;3370.99545
570;AAV2020;_T;_T;_T;_T;_T;DWELLINGS;_T;_T;_T;_T;2021;3161.94714
569;AAV2020;_T;_T;_T;_T;_T;DWELLINGS;_T;_T;_T;_T;2021;4432.97719
568;AAV2020;_T;_T;_T;_T;_T;DWELLINGS;_T;_T;_T;_T;2021;3382.19359
567;AAV2020;_T;_T;_T;_T;_T;DWELLINGS;_T;_T;_T;_T;2021;12513.80703
566;AAV2020;_T;_T;_T;_T;_T;DWELLINGS;_T;_T;_T;_T;2021;7799.85229
565;AAV2020;_T;_T;_T;_T;_T;DWELLINGS;_T;_T;_T;_T;2021;3588.64392
564;AAV2020;_T;_T;_T;_T;_T;DWELLINGS;_T;_T;_T;_T;2021;13542.97878
563;AAV2020;_T;_T;_T;_T;_T;DWELLINGS;_T;_T;_T;_T;2021;4543.15966
562;AAV2020;_T;_T;_T;_T;_T;DWELLINGS;_T;_T;_T;_T;2021;3600.02725
561;AAV2020;_T;_T;_T;_T;_T;DWELLINGS;_T;_T;_T;_T;2021;3493.64627
560;AAV2020;_T;_T;_T;_T;_T;DWELLINGS;_T;_T;_T;_T;2021;3524.97363
559;AAV2020;_T;_T;_T;_T;_T;DWELLINGS;_T;_T;_T;_T;2021;3224.71347
558;AAV2020;_T;_T;_T;_T;_T;DWELLINGS;_T;_T;_T;_T;2021;4389.78309
557;AAV2020;_T;_T;_T;_T;_T;DWELLINGS;_T;_T;_T;_T;2021;3709.04899
556;AAV2020;_T;_T;_T;_T;_T;DWELLINGS;_T;_T;_T;_T;2021;4565.44346
555;AAV2020;_T;_T;_T;_T;_T;DWELLINGS;_T;_T;_T;_T;2021;5364.70124
554;AAV2020;_T;_T;_T;_T;_T;DWELLINGS;_T;_T;_T;_T;2021;4129.08324
553;AAV2020;_T;_T;_T;_T;_T;DWELLINGS;_T;_T;_T;_T;2021;4016.71999
552;AAV2020;_T;_T;_T;_T;_T;DWELLINGS;_T;_T;_T;_T;2021;3731.41033
551;AAV2020;_T;_T;_T;_T;_T;DWELLINGS;_T;_T;_T;_T;2021;4261.16579
550;AAV2020;_T;_T;_T;_T;_T;DWELLINGS;_T;_T;_T;_T;2021;15862.31546
549;AAV2020;_T;_T;_T;_T;_T;DWELLINGS;_T;_T;_T;_T;2021;12405.77205
548;AAV2020;_T;_T;_T;_T;_T;DWELLINGS;_T;_T;_T;_T;2021;4004.25772
547;AAV2020;_T;_T;_T;_T;_T;DWELLINGS;_T;_T;_T;_T;2021;3689.78241
546;AAV2020;_T;_T;_T;_T;_T;DWELLINGS;_T;_T;_T;_T;2021;5598.8718
545;AAV2020;_T;_T;_T;_T;_T;DWELLINGS;_T;_T;_T;_T;2021;4061.99062
544;AAV2020;_T;_T;_T;_T;_T;DWELLINGS;_T;_T;_T;_T;2021;3714.41102
543;AAV2020;_T;_T;_T;_T;_T;DWELLINGS;_T;_T;_T;_T;2021;4744.98305
542;AAV2020;_T;_T;_T;_T;_T;DWELLINGS;_T;_T;_T;_T;2021;5029.09498
541;AAV2020;_T;_T;_T;_T;_T;DWELLINGS;_T;_T;_T;_T;2021;3696.42655
540;AAV2020;_T;_T;_T;_T;_T;DWELLINGS;_T;_T;_T;_T;2021;7832.91565
539;AAV2020;_T;_T;_T;_T;_T;DWELLINGS;_T;_T;_T;_T;2021;5044.50393
538;AAV2020;_T;_T;_T;_T;_T;DWELLINGS;_T;_T;_T;_T;2021;3771.44934
537;AAV2020;_T;_T;_T;_T;_T;DWELLINGS;_T;_T;_T;_T;2021;3935.23091
536;AAV2020;_T;_T;_T;_T;_T;DWELLINGS;_T;_T;_T;_T;2021;4446.65354
535;AAV2020;_T;_T;_T;_T;_T;DWELLINGS;_T;_T;_T;_T;2021;4755.12905
534;AAV2020;_T;_T;_T;_T;_T;DWELLINGS;_T;_T;_T;_T;2021;4214.96885
533;AAV2020;_T;_T;_T;_T;_T;DWELLINGS;_T;_T;_T;_T;2021;4761.06152
532;AAV2020;_T;_T;_T;_T;_T;DWELLINGS;_T;_T;_T;_T;2021;4697.73799
531;AAV2020;_T;_T;_T;_T;_T;DWELLINGS;_T;_T;_T;_T;2021;5193.64126
530;AAV2020;_T;_T;_T;_T;_T;DWELLINGS;_T;_T;_T;_T;2021;4460.74684
529;AAV2020;_T;_T;_T;_T;_T;DWELLINGS;_T;_T;_T;_T;2021;12173.56331
528;AAV2020;_T;_T;_T;_T;_T;DWELLINGS;_T;_T;_T;_T;2021;5840.64916
527;AAV2020;_T;_T;_T;_T;_T;DWELLINGS;_T;_T;_T;_T;2021;4221.68283
526;AAV2020;_T;_T;_T;_T;_T;DWELLINGS;_T;_T;_T;_T;2021;4195.02266
525;AAV2020;_T;_T;_T;_T;_T;DWELLINGS;_T;_T;_T;_T;2021;4026.05461
524;AAV2020;_T;_T;_T;_T;_T;DWELLINGS;_T;_T;_T;_T;2021;4252.5397
523;AAV2020;_T;_T;_T;_T;_T;DWELLINGS;_T;_T;_T;_T;2021;4824.85267
522;AAV2020;_T;_T;_T;_T;_T;DWELLINGS;_T;_T;_T;_T;2021;5571.58846
521;AAV2020;_T;_T;_T;_T;_T;DWELLINGS;_T;_T;_T;_T;2021;6338.06731
520;AAV2020;_T;_T;_T;_T;_T;DWELLINGS;_T;_T;_T;_T;2021;4186.40387
519;AAV2020;_T;_T;_T;_T;_T;DWELLINGS;_T;_T;_T;_T;2021;5337.21738
518;AAV2020;_T;_T;_T;_T;_T;DWELLINGS;_T;_T;_T;_T;2021;6904.39005
517;AAV2020;_T;_T;_T;_T;_T;DWELLINGS;_T;_T;_T;_T;2021;4147.36263
516;AAV2020;_T;_T;_T;_T;_T;DWELLINGS;_T;_T;_T;_T;2021;4879.62451
515;AAV2020;_T;_T;_T;_T;_T;DWELLINGS;_T;_T;_T;_T;2021;6112.34672
514;AAV2020;_T;_T;_T;_T;_T;DWELLINGS;_T;_T;_T;_T;2021;5379.28677
513;AAV2020;_T;_T;_T;_T;_T;DWELLINGS;_T;_T;_T;_T;2021;11253.39171
512;AAV2020;_T;_T;_T;_T;_T;DWELLINGS;_T;_T;_T;_T;2021;4778.54342
511;AAV2020;_T;_T;_T;_T;_T;DWELLINGS;_T;_T;_T;_T;2021;5939.65692
510;AAV2020;_T;_T;_T;_T;_T;DWELLINGS;_T;_T;_T;_T;2021;4649.41082
509;AAV2020;_T;_T;_T;_T;_T;DWELLINGS;_T;_T;_T;_T;2021;4579.27618
508;AAV2020;_T;_T;_T;_T;_T;DWELLINGS;_T;_T;_T;_T;2021;3697.22445
507;AAV2020;_T;_T;_T;_T;_T;DWELLINGS;_T;_T;_T;_T;2021;4673.34832
506;AAV2020;_T;_T;_T;_T;_T;DWELLINGS;_T;_T;_T;_T;2021;5971.83447
505;AAV2020;_T;_T;_T;_T;_T;DWELLINGS;_T;_T;_T;_T;2021;4425.36428
504;AAV2020;_T;_T;_T;_T;_T;DWELLINGS;_T;_T;_T;_T;2021;4240.33604
503;AAV2020;_T;_T;_T;_T;_T;DWELLINGS;_T;_T;_T;_T;2021;6892.36982
502;AAV2020;_T;_T;_T;_T;_T;DWELLINGS;_T;_T;_T;_T;2021;4659.93678
501;AAV2020;_T;_T;_T;_T;_T;DWELLINGS;_T;_T;_T;_T;2021;4133.60272
500;AAV2020;_T;_T;_T;_T;_T;DWELLINGS;_T;_T;_T;_T;2021;4855.37036
499;AAV2020;_T;_T;_T;_T;_T;DWELLINGS;_T;_T;_T;_T;2021;6012.30453
498;AAV2020;_T;_T;_T;_T;_T;DWELLINGS;_T;_T;_T;_T;2021;4328.31491
497;AAV2020;_T;_T;_T;_T;_T;DWELLINGS;_T;_T;_T;_T;2021;7497.42362
496;AAV2020;_T;_T;_T;_T;_T;DWELLINGS;_T;_T;_T;_T;2021;4588.50779
495;AAV2020;_T;_T;_T;_T;_T;DWELLINGS;_T;_T;_T;_T;2021;10456.10992
494;AAV2020;_T;_T;_T;_T;_T;DWELLINGS;_T;_T;_T;_T;2021;4511.93785
493;AAV2020;_T;_T;_T;_T;_T;DWELLINGS;_T;_T;_T;_T;2021;5148.47984
492;AAV2020;_T;_T;_T;_T;_T;DWELLINGS;_T;_T;_T;_T;2021;13436.23552
491;AAV2020;_T;_T;_T;_T;_T;DWELLINGS;_T;_T;_T;_T;2021;4044.71379
490;AAV2020;_T;_T;_T;_T;_T;DWELLINGS;_T;_T;_T;_T;2021;6196.05939
489;AAV2020;_T;_T;_T;_T;_T;DWELLINGS;_T;_T;_T;_T;2021;4652.04541
488;AAV2020;_T;_T;_T;_T;_T;DWELLINGS;_T;_T;_T;_T;2021;6353.49133
487;AAV2020;_T;_T;_T;_T;_T;DWELLINGS;_T;_T;_T;_T;2021;4863.38304
486;AAV2020;_T;_T;_T;_T;_T;DWELLINGS;_T;_T;_T;_T;2021;5942.68592
485;AAV2020;_T;_T;_T;_T;_T;DWELLINGS;_T;_T;_T;_T;2021;5298.2107
484;AAV2020;_T;_T;_T;_T;_T;DWELLINGS;_T;_T;_T;_T;2021;4991.01118
483;AAV2020;_T;_T;_T;_T;_T;DWELLINGS;_T;_T;_T;_T;2021;4992.38846
482;AAV2020;_T;_T;_T;_T;_T;DWELLINGS;_T;_T;_T;_T;2021;6372.94803
481;AAV2020;_T;_T;_T;_T;_T;DWELLINGS;_T;_T;_T;_T;2021;5399.62967
480;AAV2020;_T;_T;_T;_T;_T;DWELLINGS;_T;_T;_T;_T;2021;4888.96436
479;AAV2020;_T;_T;_T;_T;_T;DWELLINGS;_T;_T;_T;_T;2021;5523.53997
478;AAV2020;_T;_T;_T;_T;_T;DWELLINGS;_T;_T;_T;_T;2021;6915.85429
477;AAV2020;_T;_T;_T;_T;_T;DWELLINGS;_T;_T;_T;_T;2021;5819.06663
476;AAV2020;_T;_T;_T;_T;_T;DWELLINGS;_T;_T;_T;_T;2021;4343.20309
475;AAV2020;_T;_T;_T;_T;_T;DWELLINGS;_T;_T;_T;_T;2021;5219.2739
474;AAV2020;_T;_T;_T;_T;_T;DWELLINGS;_T;_T;_T;_T;2021;4783.50497
473;AAV2020;_T;_T;_T;_T;_T;DWELLINGS;_T;_T;_T;_T;2021;5081.65679
472;AAV2020;_T;_T;_T;_T;_T;DWELLINGS;_T;_T;_T;_T;2021;4934.59512
471;AAV2020;_T;_T;_T;_T;_T;DWELLINGS;_T;_T;_T;_T;2021;7318.9489
470;AAV2020;_T;_T;_T;_T;_T;DWELLINGS;_T;_T;_T;_T;2021;5781.29707
469;AAV2020;_T;_T;_T;_T;_T;DWELLINGS;_T;_T;_T;_T;2021;6837.67298
468;AAV2020;_T;_T;_T;_T;_T;DWELLINGS;_T;_T;_T;_T;2021;7808.70033
467;AAV2020;_T;_T;_T;_T;_T;DWELLINGS;_T;_T;_T;_T;2021;8440.73382
466;AAV2020;_T;_T;_T;_T;_T;DWELLINGS;_T;_T;_T;_T;2021;5276.18016
465;AAV2020;_T;_T;_T;_T;_T;DWELLINGS;_T;_T;_T;_T;2021;5825.08239
464;AAV2020;_T;_T;_T;_T;_T;DWELLINGS;_T;_T;_T;_T;2021;9355.46651
463;AAV2020;_T;_T;_T;_T;_T;DWELLINGS;_T;_T;_T;_T;2021;11054.7558
462;AAV2020;_T;_T;_T;_T;_T;DWELLINGS;_T;_T;_T;_T;2021;5350.3342
461;AAV2020;_T;_T;_T;_T;_T;DWELLINGS;_T;_T;_T;_T;2021;4783.11561
460;AAV2020;_T;_T;_T;_T;_T;DWELLINGS;_T;_T;_T;_T;2021;5758.19619
459;AAV2020;_T;_T;_T;_T;_T;DWELLINGS;_T;_T;_T;_T;2021;6772.24769
458;AAV2020;_T;_T;_T;_T;_T;DWELLINGS;_T;_T;_T;_T;2021;9027.0925
457;AAV2020;_T;_T;_T;_T;_T;DWELLINGS;_T;_T;_T;_T;2021;6447.20338
456;AAV2020;_T;_T;_T;_T;_T;DWELLINGS;_T;_T;_T;_T;2021;5749.06006
455;AAV2020;_T;_T;_T;_T;_T;DWELLINGS;_T;_T;_T;_T;2021;10399.82799
454;AAV2020;_T;_T;_T;_T;_T;DWELLINGS;_T;_T;_T;_T;2021;5315.97975
453;AAV2020;_T;_T;_T;_T;_T;DWELLINGS;_T;_T;_T;_T;2021;17910.5314
452;AAV2020;_T;_T;_T;_T;_T;DWELLINGS;_T;_T;_T;_T;2021;6894.18795
451;AAV2020;_T;_T;_T;_T;_T;DWELLINGS;_T;_T;_T;_T;2021;6683.38447
450;AAV2020;_T;_T;_T;_T;_T;DWELLINGS;_T;_T;_T;_T;2021;5432.7943
449;AAV2020;_T;_T;_T;_T;_T;DWELLINGS;_T;_T;_T;_T;2021;6425.373
448;AAV2020;_T;_T;_T;_T;_T;DWELLINGS;_T;_T;_T;_T;2021;6155.13907
447;AAV2020;_T;_T;_T;_T;_T;DWELLINGS;_T;_T;_T;_T;2021;5576.57989
446;AAV2020;_T;_T;_T;_T;_T;DWELLINGS;_T;_T;_T;_T;2021;6789.7142
445;AAV2020;_T;_T;_T;_T;_T;DWELLINGS;_T;_T;_T;_T;2021;6032.31131
444;AAV2020;_T;_T;_T;_T;_T;DWELLINGS;_T;_T;_T;_T;2021;16179.30025
443;AAV2020;_T;_T;_T;_T;_T;DWELLINGS;_T;_T;_T;_T;2021;7431.75677
442;AAV2020;_T;_T;_T;_T;_T;DWELLINGS;_T;_T;_T;_T;2021;7029.89083
441;AAV2020;_T;_T;_T;_T;_T;DWELLINGS;_T;_T;_T;_T;2021;6883.23887
440;AAV2020;_T;_T;_T;_T;_T;DWELLINGS;_T;_T;_T;_T;2021;6116.80933
439;AAV2020;_T;_T;_T;_T;_T;DWELLINGS;_T;_T;_T;_T;2021;7704.95023
438;AAV2020;_T;_T;_T;_T;_T;DWELLINGS;_T;_T;_T;_T;2021;5504.59641
437;AAV2020;_T;_T;_T;_T;_T;DWELLINGS;_T;_T;_T;_T;2021;5851.44294
436;AAV2020;_T;_T;_T;_T;_T;DWELLINGS;_T;_T;_T;_T;2021;6632.76401
435;AAV2020;_T;_T;_T;_T;_T;DWELLINGS;_T;_T;_T;_T;2021;7798.782
434;AAV2020;_T;_T;_T;_T;_T;DWELLINGS;_T;_T;_T;_T;2021;8633.22797
433;AAV2020;_T;_T;_T;_T;_T;DWELLINGS;_T;_T;_T;_T;2021;6034.89701
432;AAV2020;_T;_T;_T;_T;_T;DWELLINGS;_T;_T;_T;_T;2021;6870.46603
431;AAV2020;_T;_T;_T;_T;_T;DWELLINGS;_T;_T;_T;_T;2021;5990.29446
430;AAV2020;_T;_T;_T;_T;_T;DWELLINGS;_T;_T;_T;_T;2021;13574.20169
429;AAV2020;_T;_T;_T;_T;_T;DWELLINGS;_T;_T;_T;_T;2021;6781.46155
428;AAV2020;_T;_T;_T;_T;_T;DWELLINGS;_T;_T;_T;_T;2021;6658.31114
427;AAV2020;_T;_T;_T;_T;_T;DWELLINGS;_T;_T;_T;_T;2021;11475.99009
426;AAV2020;_T;_T;_T;_T;_T;DWELLINGS;_T;_T;_T;_T;2021;6203.77078
425;AAV2020;_T;_T;_T;_T;_T;DWELLINGS;_T;_T;_T;_T;2021;8126.9598
424;AAV2020;_T;_T;_T;_T;_T;DWELLINGS;_T;_T;_T;_T;2021;6280.02154
423;AAV2020;_T;_T;_T;_T;_T;DWELLINGS;_T;_T;_T;_T;2021;8879.57256
422;AAV2020;_T;_T;_T;_T;_T;DWELLINGS;_T;_T;_T;_T;2021;7541.81504
421;AAV2020;_T;_T;_T;_T;_T;DWELLINGS;_T;_T;_T;_T;2021;7014.3944
420;AAV2020;_T;_T;_T;_T;_T;DWELLINGS;_T;_T;_T;_T;2021;6352.20777
419;AAV2020;_T;_T;_T;_T;_T;DWELLINGS;_T;_T;_T;_T;2021;9719.38683
418;AAV2020;_T;_T;_T;_T;_T;DWELLINGS;_T;_T;_T;_T;2021;7540.14374
417;AAV2020;_T;_T;_T;_T;_T;DWELLINGS;_T;_T;_T;_T;2021;6860.04879
416;AAV2020;_T;_T;_T;_T;_T;DWELLINGS;_T;_T;_T;_T;2021;7251.52882
415;AAV2020;_T;_T;_T;_T;_T;DWELLINGS;_T;_T;_T;_T;2021;8254.06336
414;AAV2020;_T;_T;_T;_T;_T;DWELLINGS;_T;_T;_T;_T;2021;10329.64592
413;AAV2020;_T;_T;_T;_T;_T;DWELLINGS;_T;_T;_T;_T;2021;6776.2351
412;AAV2020;_T;_T;_T;_T;_T;DWELLINGS;_T;_T;_T;_T;2021;9417.19035
411;AAV2020;_T;_T;_T;_T;_T;DWELLINGS;_T;_T;_T;_T;2021;6436.60912
410;AAV2020;_T;_T;_T;_T;_T;DWELLINGS;_T;_T;_T;_T;2021;9443.26199
409;AAV2020;_T;_T;_T;_T;_T;DWELLINGS;_T;_T;_T;_T;2021;6201.80212
408;AAV2020;_T;_T;_T;_T;_T;DWELLINGS;_T;_T;_T;_T;2021;20283.63722
407;AAV2020;_T;_T;_T;_T;_T;DWELLINGS;_T;_T;_T;_T;2021;7938.41062
406;AAV2020;_T;_T;_T;_T;_T;DWELLINGS;_T;_T;_T;_T;2021;8144.91676
405;AAV2020;_T;_T;_T;_T;_T;DWELLINGS;_T;_T;_T;_T;2021;9007.58903
404;AAV2020;_T;_T;_T;_T;_T;DWELLINGS;_T;_T;_T;_T;2021;9213.7705
403;AAV2020;_T;_T;_T;_T;_T;DWELLINGS;_T;_T;_T;_T;2021;8727.78078
402;AAV2020;_T;_T;_T;_T;_T;DWELLINGS;_T;_T;_T;_T;2021;6432.39934
401;AAV2020;_T;_T;_T;_T;_T;DWELLINGS;_T;_T;_T;_T;2021;6490.45788
400;AAV2020;_T;_T;_T;_T;_T;DWELLINGS;_T;_T;_T;_T;2021;7323.65862
399;AAV2020;_T;_T;_T;_T;_T;DWELLINGS;_T;_T;_T;_T;2021;6625.80195
398;AAV2020;_T;_T;_T;_T;_T;DWELLINGS;_T;_T;_T;_T;2021;13319.55337
397;AAV2020;_T;_T;_T;_T;_T;DWELLINGS;_T;_T;_T;_T;2021;7394.70199
396;AAV2020;_T;_T;_T;_T;_T;DWELLINGS;_T;_T;_T;_T;2021;7416.31624
395;AAV2020;_T;_T;_T;_T;_T;DWELLINGS;_T;_T;_T;_T;2021;22412.73884
394;AAV2020;_T;_T;_T;_T;_T;DWELLINGS;_T;_T;_T;_T;2021;8975.59929
393;AAV2020;_T;_T;_T;_T;_T;DWELLINGS;_T;_T;_T;_T;2021;10312.41598
392;AAV2020;_T;_T;_T;_T;_T;DWELLINGS;_T;_T;_T;_T;2021;8518.76129
391;AAV2020;_T;_T;_T;_T;_T;DWELLINGS;_T;_T;_T;_T;2021;7919.26453
390;AAV2020;_T;_T;_T;_T;_T;DWELLINGS;_T;_T;_T;_T;2021;8802.18188
389;AAV2020;_T;_T;_T;_T;_T;DWELLINGS;_T;_T;_T;_T;2021;7822.60955
388;AAV2020;_T;_T;_T;_T;_T;DWELLINGS;_T;_T;_T;_T;2021;9165.92084
387;AAV2020;_T;_T;_T;_T;_T;DWELLINGS;_T;_T;_T;_T;2021;6328.42548
386;AAV2020;_T;_T;_T;_T;_T;DWELLINGS;_T;_T;_T;_T;2021;9034.24791
385;AAV2020;_T;_T;_T;_T;_T;DWELLINGS;_T;_T;_T;_T;2021;8341.19601
384;AAV2020;_T;_T;_T;_T;_T;DWELLINGS;_T;_T;_T;_T;2021;28112.17109
383;AAV2020;_T;_T;_T;_T;_T;DWELLINGS;_T;_T;_T;_T;2021;11346.18166
382;AAV2020;_T;_T;_T;_T;_T;DWELLINGS;_T;_T;_T;_T;2021;9466.00386
381;AAV2020;_T;_T;_T;_T;_T;DWELLINGS;_T;_T;_T;_T;2021;8383.2994
380;AAV2020;_T;_T;_T;_T;_T;DWELLINGS;_T;_T;_T;_T;2021;6920.41803
379;AAV2020;_T;_T;_T;_T;_T;DWELLINGS;_T;_T;_T;_T;2021;7556.26545
378;AAV2020;_T;_T;_T;_T;_T;DWELLINGS;_T;_T;_T;_T;2021;7633.91703
377;AAV2020;_T;_T;_T;_T;_T;DWELLINGS;_T;_T;_T;_T;2021;8424.71899
376;AAV2020;_T;_T;_T;_T;_T;DWELLINGS;_T;_T;_T;_T;2021;8422.55593
375;AAV2020;_T;_T;_T;_T;_T;DWELLINGS;_T;_T;_T;_T;2021;7552.56065
374;AAV2020;_T;_T;_T;_T;_T;DWELLINGS;_T;_T;_T;_T;2021;7603.61943
373;AAV2020;_T;_T;_T;_T;_T;DWELLINGS;_T;_T;_T;_T;2021;8031.10684
372;AAV2020;_T;_T;_T;_T;_T;DWELLINGS;_T;_T;_T;_T;2021;7489.18326
371;AAV2020;_T;_T;_T;_T;_T;DWELLINGS;_T;_T;_T;_T;2021;24926.14188
370;AAV2020;_T;_T;_T;_T;_T;DWELLINGS;_T;_T;_T;_T;2021;9125.16445
369;AAV2020;_T;_T;_T;_T;_T;DWELLINGS;_T;_T;_T;_T;2021;7986.35193
368;AAV2020;_T;_T;_T;_T;_T;DWELLINGS;_T;_T;_T;_T;2021;7786.25507
367;AAV2020;_T;_T;_T;_T;_T;DWELLINGS;_T;_T;_T;_T;2021;7833.95236
366;AAV2020;_T;_T;_T;_T;_T;DWELLINGS;_T;_T;_T;_T;2021;8528.31263
365;AAV2020;_T;_T;_T;_T;_T;DWELLINGS;_T;_T;_T;_T;2021;9894.64373
364;AAV2020;_T;_T;_T;_T;_T;DWELLINGS;_T;_T;_T;_T;2021;7697.2121
363;AAV2020;_T;_T;_T;_T;_T;DWELLINGS;_T;_T;_T;_T;2021;12295.47004
362;AAV2020;_T;_T;_T;_T;_T;DWELLINGS;_T;_T;_T;_T;2021;7711.42681
361;AAV2020;_T;_T;_T;_T;_T;DWELLINGS;_T;_T;_T;_T;2021;9750.89288
360;AAV2020;_T;_T;_T;_T;_T;DWELLINGS;_T;_T;_T;_T;2021;9203.91679
359;AAV2020;_T;_T;_T;_T;_T;DWELLINGS;_T;_T;_T;_T;2021;11195.45226
358;AAV2020;_T;_T;_T;_T;_T;DWELLINGS;_T;_T;_T;_T;2021;8779.76773
357;AAV2020;_T;_T;_T;_T;_T;DWELLINGS;_T;_T;_T;_T;2021;7419.87548
356;AAV2020;_T;_T;_T;_T;_T;DWELLINGS;_T;_T;_T;_T;2021;7669.52352
355;AAV2020;_T;_T;_T;_T;_T;DWELLINGS;_T;_T;_T;_T;2021;9938.31803
354;AAV2020;_T;_T;_T;_T;_T;DWELLINGS;_T;_T;_T;_T;2021;10374.18761
353;AAV2020;_T;_T;_T;_T;_T;DWELLINGS;_T;_T;_T;_T;2021;14525.16765
352;AAV2020;_T;_T;_T;_T;_T;DWELLINGS;_T;_T;_T;_T;2021;11383.22383
351;AAV2020;_T;_T;_T;_T;_T;DWELLINGS;_T;_T;_T;_T;2021;11281.0447
350;AAV2020;_T;_T;_T;_T;_T;DWELLINGS;_T;_T;_T;_T;2021;14113.93367
349;AAV2020;_T;_T;_T;_T;_T;DWELLINGS;_T;_T;_T;_T;2021;19753.69564
348;AAV2020;_T;_T;_T;_T;_T;DWELLINGS;_T;_T;_T;_T;2021;11254.50907
347;AAV2020;_T;_T;_T;_T;_T;DWELLINGS;_T;_T;_T;_T;2021;10604.35357
346;AAV2020;_T;_T;_T;_T;_T;DWELLINGS;_T;_T;_T;_T;2021;10197.98666
345;AAV2020;_T;_T;_T;_T;_T;DWELLINGS;_T;_T;_T;_T;2021;10475.68093
344;AAV2020;_T;_T;_T;_T;_T;DWELLINGS;_T;_T;_T;_T;2021;33794.66445
343;AAV2020;_T;_T;_T;_T;_T;DWELLINGS;_T;_T;_T;_T;2021;10824.7013
342;AAV2020;_T;_T;_T;_T;_T;DWELLINGS;_T;_T;_T;_T;2021;10431.52148
341;AAV2020;_T;_T;_T;_T;_T;DWELLINGS;_T;_T;_T;_T;2021;9089.28115
340;AAV2020;_T;_T;_T;_T;_T;DWELLINGS;_T;_T;_T;_T;2021;11863.36035
339;AAV2020;_T;_T;_T;_T;_T;DWELLINGS;_T;_T;_T;_T;2021;9984.88383
338;AAV2020;_T;_T;_T;_T;_T;DWELLINGS;_T;_T;_T;_T;2021;10059.10122
337;AAV2020;_T;_T;_T;_T;_T;DWELLINGS;_T;_T;_T;_T;2021;8722.3167
336;AAV2020;_T;_T;_T;_T;_T;DWELLINGS;_T;_T;_T;_T;2021;9823.37334
335;AAV2020;_T;_T;_T;_T;_T;DWELLINGS;_T;_T;_T;_T;2021;9775.289
334;AAV2020;_T;_T;_T;_T;_T;DWELLINGS;_T;_T;_T;_T;2021;10540.7661
333;AAV2020;_T;_T;_T;_T;_T;DWELLINGS;_T;_T;_T;_T;2021;10405.81477
332;AAV2020;_T;_T;_T;_T;_T;DWELLINGS;_T;_T;_T;_T;2021;8520.4208
331;AAV2020;_T;_T;_T;_T;_T;DWELLINGS;_T;_T;_T;_T;2021;14477.78174
330;AAV2020;_T;_T;_T;_T;_T;DWELLINGS;_T;_T;_T;_T;2021;12406.976
329;AAV2020;_T;_T;_T;_T;_T;DWELLINGS;_T;_T;_T;_T;2021;9761.62994
328;AAV2020;_T;_T;_T;_T;_T;DWELLINGS;_T;_T;_T;_T;2021;11239.41837
327;AAV2020;_T;_T;_T;_T;_T;DWELLINGS;_T;_T;_T;_T;2021;11837.26831
326;AAV2020;_T;_T;_T;_T;_T;DWELLINGS;_T;_T;_T;_T;2021;10967.41868
325;AAV2020;_T;_T;_T;_T;_T;DWELLINGS;_T;_T;_T;_T;2021;13131.5909
324;AAV2020;_T;_T;_T;_T;_T;DWELLINGS;_T;_T;_T;_T;2021;13378.60074
323;AAV2020;_T;_T;_T;_T;_T;DWELLINGS;_T;_T;_T;_T;2021;13240.10035
322;AAV2020;_T;_T;_T;_T;_T;DWELLINGS;_T;_T;_T;_T;2021;10250.67303
321;AAV2020;_T;_T;_T;_T;_T;DWELLINGS;_T;_T;_T;_T;2021;10398.09971
320;AAV2020;_T;_T;_T;_T;_T;DWELLINGS;_T;_T;_T;_T;2021;10568.79469
319;AAV2020;_T;_T;_T;_T;_T;DWELLINGS;_T;_T;_T;_T;2021;11946.53929
318;AAV2020;_T;_T;_T;_T;_T;DWELLINGS;_T;_T;_T;_T;2021;11794.22843
317;AAV2020;_T;_T;_T;_T;_T;DWELLINGS;_T;_T;_T;_T;2021;10304.11605
316;AAV2020;_T;_T;_T;_T;_T;DWELLINGS;_T;_T;_T;_T;2021;31677.75091
315;AAV2020;_T;_T;_T;_T;_T;DWELLINGS;_T;_T;_T;_T;2021;12914.40116
314;AAV2020;_T;_T;_T;_T;_T;DWELLINGS;_T;_T;_T;_T;2021;16661.18702
313;AAV2020;_T;_T;_T;_T;_T;DWELLINGS;_T;_T;_T;_T;2021;10973.14066
312;AAV2020;_T;_T;_T;_T;_T;DWELLINGS;_T;_T;_T;_T;2021;13373.32221
311;AAV2020;_T;_T;_T;_T;_T;DWELLINGS;_T;_T;_T;_T;2021;11932.5925
310;AAV2020;_T;_T;_T;_T;_T;DWELLINGS;_T;_T;_T;_T;2021;11686.85178
309;AAV2020;_T;_T;_T;_T;_T;DWELLINGS;_T;_T;_T;_T;2021;15066.04336
308;AAV2020;_T;_T;_T;_T;_T;DWELLINGS;_T;_T;_T;_T;2021;11145.86045
307;AAV2020;_T;_T;_T;_T;_T;DWELLINGS;_T;_T;_T;_T;2021;12759.69584
306;AAV2020;_T;_T;_T;_T;_T;DWELLINGS;_T;_T;_T;_T;2021;12218.69646
305;AAV2020;_T;_T;_T;_T;_T;DWELLINGS;_T;_T;_T;_T;2021;14437.16833
304;AAV2020;_T;_T;_T;_T;_T;DWELLINGS;_T;_T;_T;_T;2021;13674.6412
303;AAV2020;_T;_T;_T;_T;_T;DWELLINGS;_T;_T;_T;_T;2021;9916.42609
302;AAV2020;_T;_T;_T;_T;_T;DWELLINGS;_T;_T;_T;_T;2021;28624.96218
301;AAV2020;_T;_T;_T;_T;_T;DWELLINGS;_T;_T;_T;_T;2021;12289.85696
300;AAV2020;_T;_T;_T;_T;_T;DWELLINGS;_T;_T;_T;_T;2021;14772.26423
299;AAV2020;_T;_T;_T;_T;_T;DWELLINGS;_T;_T;_T;_T;2021;11209.77302
298;AAV2020;_T;_T;_T;_T;_T;DWELLINGS;_T;_T;_T;_T;2021;27241.14759
297;AAV2020;_T;_T;_T;_T;_T;DWELLINGS;_T;_T;_T;_T;2021;13619.6543
296;AAV2020;_T;_T;_T;_T;_T;DWELLINGS;_T;_T;_T;_T;2021;15831.08487
295;AAV2020;_T;_T;_T;_T;_T;DWELLINGS;_T;_T;_T;_T;2021;12273.01299
294;AAV2020;_T;_T;_T;_T;_T;DWELLINGS;_T;_T;_T;_T;2021;13491.95269
293;AAV2020;_T;_T;_T;_T;_T;DWELLINGS;_T;_T;_T;_T;2021;11143.24516
292;AAV2020;_T;_T;_T;_T;_T;DWELLINGS;_T;_T;_T;_T;2021;17275.90739
291;AAV2020;_T;_T;_T;_T;_T;DWELLINGS;_T;_T;_T;_T;2021;12283.43616
290;AAV2020;_T;_T;_T;_T;_T;DWELLINGS;_T;_T;_T;_T;2021;26811.8383
289;AAV2020;_T;_T;_T;_T;_T;DWELLINGS;_T;_T;_T;_T;2021;11782.20757
288;AAV2020;_T;_T;_T;_T;_T;DWELLINGS;_T;_T;_T;_T;2021;12672.9445
287;AAV2020;_T;_T;_T;_T;_T;DWELLINGS;_T;_T;_T;_T;2021;11975.95368
286;AAV2020;_T;_T;_T;_T;_T;DWELLINGS;_T;_T;_T;_T;2021;13949.46689
285;AAV2020;_T;_T;_T;_T;_T;DWELLINGS;_T;_T;_T;_T;2021;19382.33981
284;AAV2020;_T;_T;_T;_T;_T;DWELLINGS;_T;_T;_T;_T;2021;20170.04242
283;AAV2020;_T;_T;_T;_T;_T;DWELLINGS;_T;_T;_T;_T;2021;12457.29822
282;AAV2020;_T;_T;_T;_T;_T;DWELLINGS;_T;_T;_T;_T;2021;16390.27149
281;AAV2020;_T;_T;_T;_T;_T;DWELLINGS;_T;_T;_T;_T;2021;16526.71754
280;AAV2020;_T;_T;_T;_T;_T;DWELLINGS;_T;_T;_T;_T;2021;12400.27211
279;AAV2020;_T;_T;_T;_T;_T;DWELLINGS;_T;_T;_T;_T;2021;17579.16687
278;AAV2020;_T;_T;_T;_T;_T;DWELLINGS;_T;_T;_T;_T;2021;17279.45024
277;AAV2020;_T;_T;_T;_T;_T;DWELLINGS;_T;_T;_T;_T;2021;12911.76815
276;AAV2020;_T;_T;_T;_T;_T;DWELLINGS;_T;_T;_T;_T;2021;14385.95375
275;AAV2020;_T;_T;_T;_T;_T;DWELLINGS;_T;_T;_T;_T;2021;17628.69718
274;AAV2020;_T;_T;_T;_T;_T;DWELLINGS;_T;_T;_T;_T;2021;12870.75575
273;AAV2020;_T;_T;_T;_T;_T;DWELLINGS;_T;_T;_T;_T;2021;12900.84085
272;AAV2020;_T;_T;_T;_T;_T;DWELLINGS;_T;_T;_T;_T;2021;15538.40326
271;AAV2020;_T;_T;_T;_T;_T;DWELLINGS;_T;_T;_T;_T;2021;18458.79798
270;AAV2020;_T;_T;_T;_T;_T;DWELLINGS;_T;_T;_T;_T;2021;13114.10228
269;AAV2020;_T;_T;_T;_T;_T;DWELLINGS;_T;_T;_T;_T;2021;11959.98281
268;AAV2020;_T;_T;_T;_T;_T;DWELLINGS;_T;_T;_T;_T;2021;14519.19945
267;AAV2020;_T;_T;_T;_T;_T;DWELLINGS;_T;_T;_T;_T;2021;15380.55318
266;AAV2020;_T;_T;_T;_T;_T;DWELLINGS;_T;_T;_T;_T;2021;21198.9632
265;AAV2020;_T;_T;_T;_T;_T;DWELLINGS;_T;_T;_T;_T;2021;16072.10212
264;AAV2020;_T;_T;_T;_T;_T;DWELLINGS;_T;_T;_T;_T;2021;14703.36546
263;AAV2020;_T;_T;_T;_T;_T;DWELLINGS;_T;_T;_T;_T;2021;12798.87031
262;AAV2020;_T;_T;_T;_T;_T;DWELLINGS;_T;_T;_T;_T;2021;15789.57997
261;AAV2020;_T;_T;_T;_T;_T;DWELLINGS;_T;_T;_T;_T;2021;21742.89445
260;AAV2020;_T;_T;_T;_T;_T;DWELLINGS;_T;_T;_T;_T;2021;16349.60888
259;AAV2020;_T;_T;_T;_T;_T;DWELLINGS;_T;_T;_T;_T;2021;16379.93387
258;AAV2020;_T;_T;_T;_T;_T;DWELLINGS;_T;_T;_T;_T;2021;14116.25581
257;AAV2020;_T;_T;_T;_T;_T;DWELLINGS;_T;_T;_T;_T;2021;16229.98202
256;AAV2020;_T;_T;_T;_T;_T;DWELLINGS;_T;_T;_T;_T;2021;14131.87299
255;AAV2020;_T;_T;_T;_T;_T;DWELLINGS;_T;_T;_T;_T;2021;16674.22118
254;AAV2020;_T;_T;_T;_T;_T;DWELLINGS;_T;_T;_T;_T;2021;19778.63773
253;AAV2020;_T;_T;_T;_T;_T;DWELLINGS;_T;_T;_T;_T;2021;18002.9696
252;AAV2020;_T;_T;_T;_T;_T;DWELLINGS;_T;_T;_T;_T;2021;17455.05481
251;AAV2020;_T;_T;_T;_T;_T;DWELLINGS;_T;_T;_T;_T;2021;19938.21198
250;AAV2020;_T;_T;_T;_T;_T;DWELLINGS;_T;_T;_T;_T;2021;15878.47195
249;AAV2020;_T;_T;_T;_T;_T;DWELLINGS;_T;_T;_T;_T;2021;18801.40461
248;AAV2020;_T;_T;_T;_T;_T;DWELLINGS;_T;_T;_T;_T;2021;20292.72753
247;AAV2020;_T;_T;_T;_T;_T;DWELLINGS;_T;_T;_T;_T;2021;32490.53137
246;AAV2020;_T;_T;_T;_T;_T;DWELLINGS;_T;_T;_T;_T;2021;17199.78474
245;AAV2020;_T;_T;_T;_T;_T;DWELLINGS;_T;_T;_T;_T;2021;19536.8603
244;AAV2020;_T;_T;_T;_T;_T;DWELLINGS;_T;_T;_T;_T;2021;15036.49677
243;AAV2020;_T;_T;_T;_T;_T;DWELLINGS;_T;_T;_T;_T;2021;16641.41318
242;AAV2020;_T;_T;_T;_T;_T;DWELLINGS;_T;_T;_T;_T;2021;14353.76175
241;AAV2020;_T;_T;_T;_T;_T;DWELLINGS;_T;_T;_T;_T;2021;16293.30196
240;AAV2020;_T;_T;_T;_T;_T;DWELLINGS;_T;_T;_T;_T;2021;17662.77886
239;AAV2020;_T;_T;_T;_T;_T;DWELLINGS;_T;_T;_T;_T;2021;20779.82995
238;AAV2020;_T;_T;_T;_T;_T;DWELLINGS;_T;_T;_T;_T;2021;47411.07793
237;AAV2020;_T;_T;_T;_T;_T;DWELLINGS;_T;_T;_T;_T;2021;16728.08907
236;AAV2020;_T;_T;_T;_T;_T;DWELLINGS;_T;_T;_T;_T;2021;14989.24501
235;AAV2020;_T;_T;_T;_T;_T;DWELLINGS;_T;_T;_T;_T;2021;26395.72728
234;AAV2020;_T;_T;_T;_T;_T;DWELLINGS;_T;_T;_T;_T;2021;17593.61918
233;AAV2020;_T;_T;_T;_T;_T;DWELLINGS;_T;_T;_T;_T;2021;23939.70442
232;AAV2020;_T;_T;_T;_T;_T;DWELLINGS;_T;_T;_T;_T;2021;15246.34657
231;AAV2020;_T;_T;_T;_T;_T;DWELLINGS;_T;_T;_T;_T;2021;34759.10043
230;AAV2020;_T;_T;_T;_T;_T;DWELLINGS;_T;_T;_T;_T;2021;18625.5763
229;AAV2020;_T;_T;_T;_T;_T;DWELLINGS;_T;_T;_T;_T;2021;18205.95779
228;AAV2020;_T;_T;_T;_T;_T;DWELLINGS;_T;_T;_T;_T;2021;17266.04792
227;AAV2020;_T;_T;_T;_T;_T;DWELLINGS;_T;_T;_T;_T;2021;18755.72134
226;AAV2020;_T;_T;_T;_T;_T;DWELLINGS;_T;_T;_T;_T;2021;22494.7816
225;AAV2020;_T;_T;_T;_T;_T;DWELLINGS;_T;_T;_T;_T;2021;20882.16278
224;AAV2020;_T;_T;_T;_T;_T;DWELLINGS;_T;_T;_T;_T;2021;21462.29489
223;AAV2020;_T;_T;_T;_T;_T;DWELLINGS;_T;_T;_T;_T;2021;19007.88097
222;AAV2020;_T;_T;_T;_T;_T;DWELLINGS;_T;_T;_T;_T;2021;17520.45175
221;AAV2020;_T;_T;_T;_T;_T;DWELLINGS;_T;_T;_T;_T;2021;15980.81397
220;AAV2020;_T;_T;_T;_T;_T;DWELLINGS;_T;_T;_T;_T;2021;19477.14088
219;AAV2020;_T;_T;_T;_T;_T;DWELLINGS;_T;_T;_T;_T;2021;18717.16064
218;AAV2020;_T;_T;_T;_T;_T;DWELLINGS;_T;_T;_T;_T;2021;18295.30327
217;AAV2020;_T;_T;_T;_T;_T;DWELLINGS;_T;_T;_T;_T;2021;19714.21181
216;AAV2020;_T;_T;_T;_T;_T;DWELLINGS;_T;_T;_T;_T;2021;19847.83555
215;AAV2020;_T;_T;_T;_T;_T;DWELLINGS;_T;_T;_T;_T;2021;19769.20298
214;AAV2020;_T;_T;_T;_T;_T;DWELLINGS;_T;_T;_T;_T;2021;23105.44285
213;AAV2020;_T;_T;_T;_T;_T;DWELLINGS;_T;_T;_T;_T;2021;21096.9129
212;AAV2020;_T;_T;_T;_T;_T;DWELLINGS;_T;_T;_T;_T;2021;16564.78217
211;AAV2020;_T;_T;_T;_T;_T;DWELLINGS;_T;_T;_T;_T;2021;37200.65469
210;AAV2020;_T;_T;_T;_T;_T;DWELLINGS;_T;_T;_T;_T;2021;19805.04009
209;AAV2020;_T;_T;_T;_T;_T;DWELLINGS;_T;_T;_T;_T;2021;19704.85418
208;AAV2020;_T;_T;_T;_T;_T;DWELLINGS;_T;_T;_T;_T;2021;23232.64818
207;AAV2020;_T;_T;_T;_T;_T;DWELLINGS;_T;_T;_T;_T;2021;22115.84361
206;AAV2020;_T;_T;_T;_T;_T;DWELLINGS;_T;_T;_T;_T;2021;25713.83332
205;AAV2020;_T;_T;_T;_T;_T;DWELLINGS;_T;_T;_T;_T;2021;29201.5121
204;AAV2020;_T;_T;_T;_T;_T;DWELLINGS;_T;_T;_T;_T;2021;22473.07361
203;AAV2020;_T;_T;_T;_T;_T;DWELLINGS;_T;_T;_T;_T;2021;24071.54494
202;AAV2020;_T;_T;_T;_T;_T;DWELLINGS;_T;_T;_T;_T;2021;19352.49642
201;AAV2020;_T;_T;_T;_T;_T;DWELLINGS;_T;_T;_T;_T;2021;22165.02423
200;AAV2020;_T;_T;_T;_T;_T;DWELLINGS;_T;_T;_T;_T;2021;33172.34466
199;AAV2020;_T;_T;_T;_T;_T;DWELLINGS;_T;_T;_T;_T;2021;23216.69713
198;AAV2020;_T;_T;_T;_T;_T;DWELLINGS;_T;_T;_T;_T;2021;24360.96999
197;AAV2020;_T;_T;_T;_T;_T;DWELLINGS;_T;_T;_T;_T;2021;21411.0068
196;AAV2020;_T;_T;_T;_T;_T;DWELLINGS;_T;_T;_T;_T;2021;25602.39474
195;AAV2020;_T;_T;_T;_T;_T;DWELLINGS;_T;_T;_T;_T;2021;27201.95415
194;AAV2020;_T;_T;_T;_T;_T;DWELLINGS;_T;_T;_T;_T;2021;27680.01057
193;AAV2020;_T;_T;_T;_T;_T;DWELLINGS;_T;_T;_T;_T;2021;23716.8788
192;AAV2020;_T;_T;_T;_T;_T;DWELLINGS;_T;_T;_T;_T;2021;49292.30833
191;AAV2020;_T;_T;_T;_T;_T;DWELLINGS;_T;_T;_T;_T;2021;23048.27326
190;AAV2020;_T;_T;_T;_T;_T;DWELLINGS;_T;_T;_T;_T;2021;25154.56005
189;AAV2020;_T;_T;_T;_T;_T;DWELLINGS;_T;_T;_T;_T;2021;22814.57632
188;AAV2020;_T;_T;_T;_T;_T;DWELLINGS;_T;_T;_T;_T;2021;26419.44479
187;AAV2020;_T;_T;_T;_T;_T;DWELLINGS;_T;_T;_T;_T;2021;26582.05937
186;AAV2020;_T;_T;_T;_T;_T;DWELLINGS;_T;_T;_T;_T;2021;36158.19867
185;AAV2020;_T;_T;_T;_T;_T;DWELLINGS;_T;_T;_T;_T;2021;26667.69356
184;AAV2020;_T;_T;_T;_T;_T;DWELLINGS;_T;_T;_T;_T;2021;24231.14737
183;AAV2020;_T;_T;_T;_T;_T;DWELLINGS;_T;_T;_T;_T;2021;26327.07356
182;AAV2020;_T;_T;_T;_T;_T;DWELLINGS;_T;_T;_T;_T;2021;26304.83721
181;AAV2020;_T;_T;_T;_T;_T;DWELLINGS;_T;_T;_T;_T;2021;26072.7747
180;AAV2020;_T;_T;_T;_T;_T;DWELLINGS;_T;_T;_T;_T;2021;26520.27961
179;AAV2020;_T;_T;_T;_T;_T;DWELLINGS;_T;_T;_T;_T;2021;33681.78921
178;AAV2020;_T;_T;_T;_T;_T;DWELLINGS;_T;_T;_T;_T;2021;24874.11644
177;AAV2020;_T;_T;_T;_T;_T;DWELLINGS;_T;_T;_T;_T;2021;27393.333
176;AAV2020;_T;_T;_T;_T;_T;DWELLINGS;_T;_T;_T;_T;2021;28018.35168
175;AAV2020;_T;_T;_T;_T;_T;DWELLINGS;_T;_T;_T;_T;2021;27136.78348
174;AAV2020;_T;_T;_T;_T;_T;DWELLINGS;_T;_T;_T;_T;2021;27870.2593
173;AAV2020;_T;_T;_T;_T;_T;DWELLINGS;_T;_T;_T;_T;2021;23692.34944
172;AAV2020;_T;_T;_T;_T;_T;DWELLINGS;_T;_T;_T;_T;2021;26833.12356
171;AAV2020;_T;_T;_T;_T;_T;DWELLINGS;_T;_T;_T;_T;2021;28579.3791
170;AAV2020;_T;_T;_T;_T;_T;DWELLINGS;_T;_T;_T;_T;2021;30195.98944
169;AAV2020;_T;_T;_T;_T;_T;DWELLINGS;_T;_T;_T;_T;2021;25099.63966
168;AAV2020;_T;_T;_T;_T;_T;DWELLINGS;_T;_T;_T;_T;2021;27096.37707
167;AAV2020;_T;_T;_T;_T;_T;DWELLINGS;_T;_T;_T;_T;2021;30423.56639
166;AAV2020;_T;_T;_T;_T;_T;DWELLINGS;_T;_T;_T;_T;2021;73509.15501
165;AAV2020;_T;_T;_T;_T;_T;DWELLINGS;_T;_T;_T;_T;2021;27366.07316
164;AAV2020;_T;_T;_T;_T;_T;DWELLINGS;_T;_T;_T;_T;2021;28453.72564
163;AAV2020;_T;_T;_T;_T;_T;DWELLINGS;_T;_T;_T;_T;2021;30111.71162
162;AAV2020;_T;_T;_T;_T;_T;DWELLINGS;_T;_T;_T;_T;2021;30411.11001
161;AAV2020;_T;_T;_T;_T;_T;DWELLINGS;_T;_T;_T;_T;2021;30369.78542
160;AAV2020;_T;_T;_T;_T;_T;DWELLINGS;_T;_T;_T;_T;2021;31284.81109
159;AAV2020;_T;_T;_T;_T;_T;DWELLINGS;_T;_T;_T;_T;2021;30690.67479
158;AAV2020;_T;_T;_T;_T;_T;DWELLINGS;_T;_T;_T;_T;2021;28686.48101
157;AAV2020;_T;_T;_T;_T;_T;DWELLINGS;_T;_T;_T;_T;2021;30886.39573
156;AAV2020;_T;_T;_T;_T;_T;DWELLINGS;_T;_T;_T;_T;2021;26813.2899
155;AAV2020;_T;_T;_T;_T;_T;DWELLINGS;_T;_T;_T;_T;2021;27266.07813
154;AAV2020;_T;_T;_T;_T;_T;DWELLINGS;_T;_T;_T;_T;2021;33379.44364
153;AAV2020;_T;_T;_T;_T;_T;DWELLINGS;_T;_T;_T;_T;2021;38176.82693
152;AAV2020;_T;_T;_T;_T;_T;DWELLINGS;_T;_T;_T;_T;2021;32388.68049
151;AAV2020;_T;_T;_T;_T;_T;DWELLINGS;_T;_T;_T;_T;2021;36810.27234
150;AAV2020;_T;_T;_T;_T;_T;DWELLINGS;_T;_T;_T;_T;2021;33591.4464
149;AAV2020;_T;_T;_T;_T;_T;DWELLINGS;_T;_T;_T;_T;2021;37963.48608
148;AAV2020;_T;_T;_T;_T;_T;DWELLINGS;_T;_T;_T;_T;2021;36554.06384
147;AAV2020;_T;_T;_T;_T;_T;DWELLINGS;_T;_T;_T;_T;2021;30262.35164
146;AAV2020;_T;_T;_T;_T;_T;DWELLINGS;_T;_T;_T;_T;2021;32883.46051
145;AAV2020;_T;_T;_T;_T;_T;DWELLINGS;_T;_T;_T;_T;2021;36779.11507
144;AAV2020;_T;_T;_T;_T;_T;DWELLINGS;_T;_T;_T;_T;2021;29623.64066
143;AAV2020;_T;_T;_T;_T;_T;DWELLINGS;_T;_T;_T;_T;2021;44080.49933
142;AAV2020;_T;_T;_T;_T;_T;DWELLINGS;_T;_T;_T;_T;2021;37646.37661
141;AAV2020;_T;_T;_T;_T;_T;DWELLINGS;_T;_T;_T;_T;2021;33708.76325
140;AAV2020;_T;_T;_T;_T;_T;DWELLINGS;_T;_T;_T;_T;2021;37320.97171
139;AAV2020;_T;_T;_T;_T;_T;DWELLINGS;_T;_T;_T;_T;2021;58548.6311
138;AAV2020;_T;_T;_T;_T;_T;DWELLINGS;_T;_T;_T;_T;2021;36908.07613
137;AAV2020;_T;_T;_T;_T;_T;DWELLINGS;_T;_T;_T;_T;2021;42949.49082
136;AAV2020;_T;_T;_T;_T;_T;DWELLINGS;_T;_T;_T;_T;2021;34650.55671
135;AAV2020;_T;_T;_T;_T;_T;DWELLINGS;_T;_T;_T;_T;2021;34584.79629
134;AAV2020;_T;_T;_T;_T;_T;DWELLINGS;_T;_T;_T;_T;2021;36495.76271
133;AAV2020;_T;_T;_T;_T;_T;DWELLINGS;_T;_T;_T;_T;2021;37853.87064
132;AAV2020;_T;_T;_T;_T;_T;DWELLINGS;_T;_T;_T;_T;2021;41764.1514
131;AAV2020;_T;_T;_T;_T;_T;DWELLINGS;_T;_T;_T;_T;2021;69946.18924
130;AAV2020;_T;_T;_T;_T;_T;DWELLINGS;_T;_T;_T;_T;2021;37816.51542
129;AAV2020;_T;_T;_T;_T;_T;DWELLINGS;_T;_T;_T;_T;2021;42888.38234
128;AAV2020;_T;_T;_T;_T;_T;DWELLINGS;_T;_T;_T;_T;2021;37305.92732
127;AAV2020;_T;_T;_T;_T;_T;DWELLINGS;_T;_T;_T;_T;2021;37771.38996
126;AAV2020;_T;_T;_T;_T;_T;DWELLINGS;_T;_T;_T;_T;2021;45386.75709
125;AAV2020;_T;_T;_T;_T;_T;DWELLINGS;_T;_T;_T;_T;2021;37509.06601
124;AAV2020;_T;_T;_T;_T;_T;DWELLINGS;_T;_T;_T;_T;2021;40493.19928
123;AAV2020;_T;_T;_T;_T;_T;DWELLINGS;_T;_T;_T;_T;2021;48767.57782
122;AAV2020;_T;_T;_T;_T;_T;DWELLINGS;_T;_T;_T;_T;2021;44485.93266
121;AAV2020;_T;_T;_T;_T;_T;DWELLINGS;_T;_T;_T;_T;2021;39858.25987
120;AAV2020;_T;_T;_T;_T;_T;DWELLINGS;_T;_T;_T;_T;2021;43861.68611
119;AAV2020;_T;_T;_T;_T;_T;DWELLINGS;_T;_T;_T;_T;2021;53160.59359
118;AAV2020;_T;_T;_T;_T;_T;DWELLINGS;_T;_T;_T;_T;2021;44442.37975
117;AAV2020;_T;_T;_T;_T;_T;DWELLINGS;_T;_T;_T;_T;2021;44583.18339
116;AAV2020;_T;_T;_T;_T;_T;DWELLINGS;_T;_T;_T;_T;2021;44034.30923
115;AAV2020;_T;_T;_T;_T;_T;DWELLINGS;_T;_T;_T;_T;2021;49484.98656
114;AAV2020;_T;_T;_T;_T;_T;DWELLINGS;_T;_T;_T;_T;2021;47155.26376
113;AAV2020;_T;_T;_T;_T;_T;DWELLINGS;_T;_T;_T;_T;2021;59378.8062
112;AAV2020;_T;_T;_T;_T;_T;DWELLINGS;_T;_T;_T;_T;2021;43428.34147
111;AAV2020;_T;_T;_T;_T;_T;DWELLINGS;_T;_T;_T;_T;2021;53473.77223
110;AAV2020;_T;_T;_T;_T;_T;DWELLINGS;_T;_T;_T;_T;2021;57501.6054
109;AAV2020;_T;_T;_T;_T;_T;DWELLINGS;_T;_T;_T;_T;2021;56923.05413
108;AAV2020;_T;_T;_T;_T;_T;DWELLINGS;_T;_T;_T;_T;2021;46517.40785
107;AAV2020;_T;_T;_T;_T;_T;DWELLINGS;_T;_T;_T;_T;2021;52836.3129
106;AAV2020;_T;_T;_T;_T;_T;DWELLINGS;_T;_T;_T;_T;2021;53625.87567
105;AAV2020;_T;_T;_T;_T;_T;DWELLINGS;_T;_T;_T;_T;2021;56414.88648
104;AAV2020;_T;_T;_T;_T;_T;DWELLINGS;_T;_T;_T;_T;2021;65776.64477
103;AAV2020;_T;_T;_T;_T;_T;DWELLINGS;_T;_T;_T;_T;2021;65371.31326
102;AAV2020;_T;_T;_T;_T;_T;DWELLINGS;_T;_T;_T;_T;2021;63658.20718
101;AAV2020;_T;_T;_T;_T;_T;DWELLINGS;_T;_T;_T;_T;2021;64838.17175
100;AAV2020;_T;_T;_T;_T;_T;DWELLINGS;_T;_T;_T;_T;2021;64292.26283
98;AAV2020;_T;_T;_T;_T;_T;DWELLINGS;_T;_T;_T;_T;2021;73489.05937
97;AAV2020;_T;_T;_T;_T;_T;DWELLINGS;_T;_T;_T;_T;2021;68317.3554
96;AAV2020;_T;_T;_T;_T;_T;DWELLINGS;_T;_T;_T;_T;2021;54366.89673
95;AAV2020;_T;_T;_T;_T;_T;DWELLINGS;_T;_T;_T;_T;2021;63290.29402
94;AAV2020;_T;_T;_T;_T;_T;DWELLINGS;_T;_T;_T;_T;2021;61315.72754
93;AAV2020;_T;_T;_T;_T;_T;DWELLINGS;_T;_T;_T;_T;2021;66388.36464
92;AAV2020;_T;_T;_T;_T;_T;DWELLINGS;_T;_T;_T;_T;2021;108965.27892
91;AAV2020;_T;_T;_T;_T;_T;DWELLINGS;_T;_T;_T;_T;2021;71267.33594
90;AAV2020;_T;_T;_T;_T;_T;DWELLINGS;_T;_T;_T;_T;2021;66125.80016
89;AAV2020;_T;_T;_T;_T;_T;DWELLINGS;_T;_T;_T;_T;2021;76559.43321
88;AAV2020;_T;_T;_T;_T;_T;DWELLINGS;_T;_T;_T;_T;2021;98460.73039
87;AAV2020;_T;_T;_T;_T;_T;DWELLINGS;_T;_T;_T;_T;2021;77735.75506
86;AAV2020;_T;_T;_T;_T;_T;DWELLINGS;_T;_T;_T;_T;2021;69449.30528
85;AAV2020;_T;_T;_T;_T;_T;DWELLINGS;_T;_T;_T;_T;2021;76389.76243
84;AAV2020;_T;_T;_T;_T;_T;DWELLINGS;_T;_T;_T;_T;2021;72043.0957
83;AAV2020;_T;_T;_T;_T;_T;DWELLINGS;_T;_T;_T;_T;2021;67655.10156
82;AAV2020;_T;_T;_T;_T;_T;DWELLINGS;_T;_T;_T;_T;2021;76986.24967
81;AAV2020;_T;_T;_T;_T;_T;DWELLINGS;_T;_T;_T;_T;2021;71539.57802
80;AAV2020;_T;_T;_T;_T;_T;DWELLINGS;_T;_T;_T;_T;2021;72463.53216
79;AAV2020;_T;_T;_T;_T;_T;DWELLINGS;_T;_T;_T;_T;2021;77593.60502
78;AAV2020;_T;_T;_T;_T;_T;DWELLINGS;_T;_T;_T;_T;2021;69350.46892
77;AAV2020;_T;_T;_T;_T;_T;DWELLINGS;_T;_T;_T;_T;2021;65520.5097
76;AAV2020;_T;_T;_T;_T;_T;DWELLINGS;_T;_T;_T;_T;2021;69499.65365
75;AAV2020;_T;_T;_T;_T;_T;DWELLINGS;_T;_T;_T;_T;2021;71972.53296
74;AAV2020;_T;_T;_T;_T;_T;DWELLINGS;_T;_T;_T;_T;2021;77237.77727
73;AAV2020;_T;_T;_T;_T;_T;DWELLINGS;_T;_T;_T;_T;2021;70601.62837
72;AAV2020;_T;_T;_T;_T;_T;DWELLINGS;_T;_T;_T;_T;2021;115162.04093
71;AAV2020;_T;_T;_T;_T;_T;DWELLINGS;_T;_T;_T;_T;2021;83034.89361
70;AAV2020;_T;_T;_T;_T;_T;DWELLINGS;_T;_T;_T;_T;2021;81400.19348
69;AAV2020;_T;_T;_T;_T;_T;DWELLINGS;_T;_T;_T;_T;2021;77340.8438
68;AAV2020;_T;_T;_T;_T;_T;DWELLINGS;_T;_T;_T;_T;2021;85494.981
67;AAV2020;_T;_T;_T;_T;_T;DWELLINGS;_T;_T;_T;_T;2021;75434.7795
66;AAV2020;_T;_T;_T;_T;_T;DWELLINGS;_T;_T;_T;_T;2021;83805.26772
65;AAV2020;_T;_T;_T;_T;_T;DWELLINGS;_T;_T;_T;_T;2021;86691.09549
64;AAV2020;_T;_T;_T;_T;_T;DWELLINGS;_T;_T;_T;_T;2021;95328.04491
63;AAV2020;_T;_T;_T;_T;_T;DWELLINGS;_T;_T;_T;_T;2021;93068.23817
62;AAV2020;_T;_T;_T;_T;_T;DWELLINGS;_T;_T;_T;_T;2021;96933.85957
61;AAV2020;_T;_T;_T;_T;_T;DWELLINGS;_T;_T;_T;_T;2021;90252.54995
60;AAV2020;_T;_T;_T;_T;_T;DWELLINGS;_T;_T;_T;_T;2021;124526.15385
59;AAV2020;_T;_T;_T;_T;_T;DWELLINGS;_T;_T;_T;_T;2021;93042.53934
58;AAV2020;_T;_T;_T;_T;_T;DWELLINGS;_T;_T;_T;_T;2021;105267.91538
57;AAV2020;_T;_T;_T;_T;_T;DWELLINGS;_T;_T;_T;_T;2021;113930.89092
56;AAV2020;_T;_T;_T;_T;_T;DWELLINGS;_T;_T;_T;_T;2021;115254.76343
55;AAV2020;_T;_T;_T;_T;_T;DWELLINGS;_T;_T;_T;_T;2021;142988.72447
54;AAV2020;_T;_T;_T;_T;_T;DWELLINGS;_T;_T;_T;_T;2021;116739.19156
53;AAV2020;_T;_T;_T;_T;_T;DWELLINGS;_T;_T;_T;_T;2021;128326.24235
52;AAV2020;_T;_T;_T;_T;_T;DWELLINGS;_T;_T;_T;_T;2021;150670.35532
51;AAV2020;_T;_T;_T;_T;_T;DWELLINGS;_T;_T;_T;_T;2021;146317.58212
50;AAV2020;_T;_T;_T;_T;_T;DWELLINGS;_T;_T;_T;_T;2021;143174.53118
49;AAV2020;_T;_T;_T;_T;_T;DWELLINGS;_T;_T;_T;_T;2021;130473.88956
48;AAV2020;_T;_T;_T;_T;_T;DWELLINGS;_T;_T;_T;_T;2021;127329.65239
47;AAV2020;_T;_T;_T;_T;_T;DWELLINGS;_T;_T;_T;_T;2021;180542.39996
46;AAV2020;_T;_T;_T;_T;_T;DWELLINGS;_T;_T;_T;_T;2021;149526.08752
45;AAV2020;_T;_T;_T;_T;_T;DWELLINGS;_T;_T;_T;_T;2021;150066.81995
44;AAV2020;_T;_T;_T;_T;_T;DWELLINGS;_T;_T;_T;_T;2021;153436.97424
43;AAV2020;_T;_T;_T;_T;_T;DWELLINGS;_T;_T;_T;_T;2021;157689.1749
42;AAV2020;_T;_T;_T;_T;_T;DWELLINGS;_T;_T;_T;_T;2021;147366.21381
41;AAV2020;_T;_T;_T;_T;_T;DWELLINGS;_T;_T;_T;_T;2021;186124.75215
40;AAV2020;_T;_T;_T;_T;_T;DWELLINGS;_T;_T;_T;_T;2021;178331.37268
39;AAV2020;_T;_T;_T;_T;_T;DWELLINGS;_T;_T;_T;_T;2021;171473.87729
38;AAV2020;_T;_T;_T;_T;_T;DWELLINGS;_T;_T;_T;_T;2021;159514.47646
37;AAV2020;_T;_T;_T;_T;_T;DWELLINGS;_T;_T;_T;_T;2021;181005.89534
36;AAV2020;_T;_T;_T;_T;_T;DWELLINGS;_T;_T;_T;_T;2021;187516.36711
35;AAV2020;_T;_T;_T;_T;_T;DWELLINGS;_T;_T;_T;_T;2021;180495.67264
34;AAV2020;_T;_T;_T;_T;_T;DWELLINGS;_T;_T;_T;_T;2021;187236.49877
33;AAV2020;_T;_T;_T;_T;_T;DWELLINGS;_T;_T;_T;_T;2021;189752.67111
32;AAV2020;_T;_T;_T;_T;_T;DWELLINGS;_T;_T;_T;_T;2021;202279.06322
31;AAV2020;_T;_T;_T;_T;_T;DWELLINGS;_T;_T;_T;_T;2021;292884.81851
30;AAV2020;_T;_T;_T;_T;_T;DWELLINGS;_T;_T;_T;_T;2021;284368.3981
29;AAV2020;_T;_T;_T;_T;_T;DWELLINGS;_T;_T;_T;_T;2021;204204.74586
28;AAV2020;_T;_T;_T;_T;_T;DWELLINGS;_T;_T;_T;_T;2021;221566.44356
26;AAV2020;_T;_T;_T;_T;_T;DWELLINGS;_T;_T;_T;_T;2021;220172.81794
25;AAV2020;_T;_T;_T;_T;_T;DWELLINGS;_T;_T;_T;_T;2021;228752.33956
24;AAV2020;_T;_T;_T;_T;_T;DWELLINGS;_T;_T;_T;_T;2021;254403.48087
23;AAV2020;_T;_T;_T;_T;_T;DWELLINGS;_T;_T;_T;_T;2021;259048.42949
22;AAV2020;_T;_T;_T;_T;_T;DWELLINGS;_T;_T;_T;_T;2021;280158.7261
20;AAV2020;_T;_T;_T;_T;_T;DWELLINGS;_T;_T;_T;_T;2021;271693.4047
19;AAV2020;_T;_T;_T;_T;_T;DWELLINGS;_T;_T;_T;_T;2021;278673.33526
18;AAV2020;_T;_T;_T;_T;_T;DWELLINGS;_T;_T;_T;_T;2021;347147.54388
17;AAV2020;_T;_T;_T;_T;_T;DWELLINGS;_T;_T;_T;_T;2021;407523.79514
15;AAV2020;_T;_T;_T;_T;_T;DWELLINGS;_T;_T;_T;_T;2021;359395.24082
14;AAV2020;_T;_T;_T;_T;_T;DWELLINGS;_T;_T;_T;_T;2021;390755.54977
13;AAV2020;_T;_T;_T;_T;_T;DWELLINGS;_T;_T;_T;_T;2021;382264.49417
12;AAV2020;_T;_T;_T;_T;_T;DWELLINGS;_T;_T;_T;_T;2021;470297.00838
10;AAV2020;_T;_T;_T;_T;_T;DWELLINGS;_T;_T;_T;_T;2021;437520.35924
8;AAV2020;_T;_T;_T;_T;_T;DWELLINGS;_T;_T;_T;_T;2021;508770.12839
6;AAV2020;_T;_T;_T;_T;_T;DWELLINGS;_T;_T;_T;_T;2021;742314.95753
5;AAV2020;_T;_T;_T;_T;_T;DWELLINGS;_T;_T;_T;_T;2021;776469.2333
4;AAV2020;_T;_T;_T;_T;_T;DWELLINGS;_T;_T;_T;_T;2021;722683.33901
3;AAV2020;_T;_T;_T;_T;_T;DWELLINGS;_T;_T;_T;_T;2021;980258.35053
2;AAV2020;_T;_T;_T;_T;_T;DWELLINGS;_T;_T;_T;_T;2021;1140467.41051
1;AAV2020;_T;_T;_T;_T;_T;DWELLINGS;_T;_T;_T;_T;2021;6403754.71137
